Teste,Tamanho,Real,User,Sys
1,1024,0m0.027s,0m0.005s,0m0.000s
2,1024,0m0.024s,0m0.000s,0m0.003s
3,1024,0m0.024s,0m0.000s,0m0.002s
4,1024,0m0.027s,0m0.000s,0m0.002s
5,1024,0m0.023s,0m0.000s,0m0.002s
6,1024,0m0.022s,0m0.000s,0m0.001s
7,1024,0m0.023s,0m0.000s,0m0.002s
8,1024,0m0.022s,0m0.000s,0m0.002s
9,1024,0m0.023s,0m0.000s,0m0.001s
10,1024,0m0.024s,0m0.002s,0m0.000s
11,1024,0m0.023s,0m0.001s,0m0.001s
12,1024,0m0.026s,0m0.001s,0m0.001s
13,1024,0m0.025s,0m0.001s,0m0.001s
14,1024,0m0.026s,0m0.000s,0m0.002s
15,1024,0m0.031s,0m0.000s,0m0.002s
16,1024,0m0.025s,0m0.000s,0m0.002s
17,1024,0m0.023s,0m0.000s,0m0.002s
18,1024,0m0.022s,0m0.000s,0m0.001s
19,1024,0m0.023s,0m0.001s,0m0.001s
20,1024,0m0.022s,0m0.001s,0m0.001s
21,1024,0m0.024s,0m0.001s,0m0.001s
22,1024,0m0.024s,0m0.001s,0m0.001s
23,1024,0m0.023s,0m0.001s,0m0.001s
24,1024,0m0.022s,0m0.001s,0m0.001s
25,1024,0m0.023s,0m0.001s,0m0.001s
26,1024,0m0.023s,0m0.001s,0m0.001s
27,1024,0m0.024s,0m0.001s,0m0.001s
28,1024,0m0.023s,0m0.000s,0m0.002s
29,1024,0m0.025s,0m0.000s,0m0.002s
30,1024,0m0.023s,0m0.000s,0m0.002s
31,1024,0m0.025s,0m0.000s,0m0.002s
32,1024,0m0.023s,0m0.000s,0m0.001s
33,1024,0m0.024s,0m0.000s,0m0.002s
34,1024,0m0.024s,0m0.000s,0m0.002s
35,1024,0m0.023s,0m0.000s,0m0.002s
36,1024,0m0.023s,0m0.000s,0m0.002s
37,1024,0m0.024s,0m0.000s,0m0.002s
38,1024,0m0.027s,0m0.000s,0m0.002s
39,1024,0m0.024s,0m0.000s,0m0.002s
40,1024,0m0.024s,0m0.000s,0m0.002s
41,1024,0m0.023s,0m0.000s,0m0.002s
42,1024,0m0.023s,0m0.000s,0m0.002s
43,1024,0m0.022s,0m0.000s,0m0.002s
44,1024,0m0.022s,0m0.000s,0m0.001s
45,1024,0m0.022s,0m0.000s,0m0.002s
46,1024,0m0.024s,0m0.000s,0m0.002s
47,1024,0m0.026s,0m0.000s,0m0.002s
48,1024,0m0.023s,0m0.000s,0m0.002s
49,1024,0m0.023s,0m0.000s,0m0.002s
50,1024,0m0.023s,0m0.000s,0m0.002s
51,1024,0m0.022s,0m0.000s,0m0.002s
52,1024,0m0.024s,0m0.000s,0m0.002s
53,1024,0m0.022s,0m0.002s,0m0.000s
54,1024,0m0.021s,0m0.002s,0m0.000s
55,1024,0m0.022s,0m0.000s,0m0.002s
56,1024,0m0.023s,0m0.000s,0m0.002s
57,1024,0m0.023s,0m0.000s,0m0.002s
58,1024,0m0.023s,0m0.000s,0m0.002s
59,1024,0m0.024s,0m0.000s,0m0.002s
60,1024,0m0.023s,0m0.000s,0m0.002s
61,1024,0m0.022s,0m0.000s,0m0.001s
62,1024,0m0.024s,0m0.000s,0m0.002s
63,1024,0m0.025s,0m0.000s,0m0.002s
64,1024,0m0.023s,0m0.000s,0m0.002s
65,1024,0m0.024s,0m0.000s,0m0.002s
66,1024,0m0.024s,0m0.000s,0m0.001s
67,1024,0m0.024s,0m0.000s,0m0.002s
68,1024,0m0.024s,0m0.000s,0m0.002s
69,1024,0m0.024s,0m0.000s,0m0.002s
70,1024,0m0.023s,0m0.000s,0m0.001s
71,1024,0m0.023s,0m0.000s,0m0.002s
72,1024,0m0.023s,0m0.000s,0m0.002s
73,1024,0m0.025s,0m0.000s,0m0.002s
74,1024,0m0.022s,0m0.000s,0m0.002s
75,1024,0m0.022s,0m0.000s,0m0.001s
76,1024,0m0.023s,0m0.000s,0m0.001s
77,1024,0m0.023s,0m0.000s,0m0.002s
78,1024,0m0.023s,0m0.000s,0m0.001s
79,1024,0m0.023s,0m0.000s,0m0.002s
80,1024,0m0.023s,0m0.000s,0m0.001s
81,1024,0m0.023s,0m0.000s,0m0.001s
82,1024,0m0.025s,0m0.000s,0m0.002s
83,1024,0m0.027s,0m0.000s,0m0.002s
84,1024,0m0.028s,0m0.002s,0m0.000s
85,1024,0m0.025s,0m0.002s,0m0.000s
86,1024,0m0.026s,0m0.000s,0m0.001s
87,1024,0m0.025s,0m0.000s,0m0.001s
88,1024,0m0.027s,0m0.000s,0m0.002s
89,1024,0m0.028s,0m0.000s,0m0.002s
90,1024,0m0.026s,0m0.000s,0m0.001s
91,1024,0m0.026s,0m0.000s,0m0.002s
92,1024,0m0.026s,0m0.000s,0m0.002s
93,1024,0m0.026s,0m0.000s,0m0.002s
94,1024,0m0.028s,0m0.001s,0m0.002s
95,1024,0m0.028s,0m0.002s,0m0.000s
96,1024,0m0.036s,0m0.003s,0m0.000s
97,1024,0m0.036s,0m0.001s,0m0.001s
98,1024,0m0.038s,0m0.001s,0m0.002s
99,1024,0m0.038s,0m0.001s,0m0.002s
100,1024,0m0.035s,0m0.001s,0m0.002s
101,1024,0m0.038s,0m0.001s,0m0.002s
102,1024,0m0.048s,0m0.001s,0m0.002s
103,1024,0m0.043s,0m0.001s,0m0.002s
104,1024,0m0.047s,0m0.001s,0m0.002s
105,1024,0m0.038s,0m0.001s,0m0.002s
106,1024,0m0.037s,0m0.000s,0m0.003s
107,1024,0m0.035s,0m0.000s,0m0.002s
108,1024,0m0.035s,0m0.000s,0m0.002s
109,1024,0m0.030s,0m0.000s,0m0.002s
110,1024,0m0.030s,0m0.000s,0m0.002s
111,1024,0m0.030s,0m0.000s,0m0.002s
112,1024,0m0.041s,0m0.001s,0m0.002s
113,1024,0m0.031s,0m0.001s,0m0.002s
114,1024,0m0.023s,0m0.002s,0m0.000s
115,1024,0m0.032s,0m0.002s,0m0.000s
116,1024,0m0.029s,0m0.000s,0m0.002s
117,1024,0m0.029s,0m0.000s,0m0.002s
118,1024,0m0.030s,0m0.000s,0m0.002s
119,1024,0m0.029s,0m0.000s,0m0.002s
120,1024,0m0.028s,0m0.000s,0m0.002s
121,1024,0m0.031s,0m0.000s,0m0.002s
122,1024,0m0.028s,0m0.000s,0m0.002s
123,1024,0m0.022s,0m0.000s,0m0.001s
124,1024,0m0.023s,0m0.000s,0m0.001s
125,1024,0m0.030s,0m0.001s,0m0.002s
126,1024,0m0.029s,0m0.001s,0m0.002s
127,1024,0m0.028s,0m0.001s,0m0.002s
128,1024,0m0.023s,0m0.002s,0m0.000s
129,1024,0m0.023s,0m0.002s,0m0.000s
130,1024,0m0.022s,0m0.000s,0m0.001s
131,1024,0m0.029s,0m0.001s,0m0.002s
132,1024,0m0.022s,0m0.000s,0m0.001s
133,1024,0m0.028s,0m0.000s,0m0.002s
134,1024,0m0.028s,0m0.000s,0m0.002s
135,1024,0m0.033s,0m0.000s,0m0.002s
136,1024,0m0.029s,0m0.000s,0m0.001s
137,1024,0m0.021s,0m0.000s,0m0.001s
138,1024,0m0.022s,0m0.000s,0m0.001s
139,1024,0m0.028s,0m0.000s,0m0.002s
140,1024,0m0.028s,0m0.000s,0m0.002s
141,1024,0m0.024s,0m0.000s,0m0.001s
142,1024,0m0.033s,0m0.000s,0m0.002s
143,1024,0m0.028s,0m0.000s,0m0.002s
144,1024,0m0.036s,0m0.000s,0m0.002s
145,1024,0m0.024s,0m0.000s,0m0.001s
146,1024,0m0.032s,0m0.000s,0m0.002s
147,1024,0m0.024s,0m0.000s,0m0.002s
148,1024,0m0.029s,0m0.000s,0m0.002s
149,1024,0m0.029s,0m0.000s,0m0.002s
150,1024,0m0.028s,0m0.000s,0m0.002s
151,1024,0m0.033s,0m0.000s,0m0.002s
152,1024,0m0.027s,0m0.000s,0m0.002s
153,1024,0m0.030s,0m0.000s,0m0.002s
154,1024,0m0.027s,0m0.000s,0m0.002s
155,1024,0m0.027s,0m0.000s,0m0.002s
156,1024,0m0.026s,0m0.000s,0m0.002s
157,1024,0m0.027s,0m0.000s,0m0.002s
158,1024,0m0.026s,0m0.000s,0m0.002s
159,1024,0m0.026s,0m0.000s,0m0.002s
160,1024,0m0.030s,0m0.000s,0m0.002s
161,1024,0m0.033s,0m0.000s,0m0.002s
162,1024,0m0.031s,0m0.000s,0m0.002s
163,1024,0m0.028s,0m0.000s,0m0.002s
164,1024,0m0.029s,0m0.000s,0m0.002s
165,1024,0m0.030s,0m0.000s,0m0.002s
166,1024,0m0.031s,0m0.000s,0m0.002s
167,1024,0m0.028s,0m0.000s,0m0.002s
168,1024,0m0.027s,0m0.000s,0m0.002s
169,1024,0m0.025s,0m0.000s,0m0.002s
170,1024,0m0.026s,0m0.000s,0m0.002s
171,1024,0m0.028s,0m0.000s,0m0.002s
172,1024,0m0.026s,0m0.000s,0m0.002s
173,1024,0m0.026s,0m0.000s,0m0.002s
174,1024,0m0.029s,0m0.000s,0m0.002s
175,1024,0m0.026s,0m0.000s,0m0.002s
176,1024,0m0.026s,0m0.000s,0m0.002s
177,1024,0m0.027s,0m0.000s,0m0.002s
178,1024,0m0.026s,0m0.000s,0m0.002s
179,1024,0m0.028s,0m0.000s,0m0.002s
180,1024,0m0.026s,0m0.000s,0m0.002s
181,1024,0m0.025s,0m0.000s,0m0.002s
182,1024,0m0.028s,0m0.000s,0m0.002s
183,1024,0m0.025s,0m0.000s,0m0.002s
184,1024,0m0.027s,0m0.000s,0m0.002s
185,1024,0m0.026s,0m0.000s,0m0.002s
186,1024,0m0.032s,0m0.000s,0m0.002s
187,1024,0m0.027s,0m0.000s,0m0.002s
188,1024,0m0.026s,0m0.000s,0m0.002s
189,1024,0m0.026s,0m0.000s,0m0.002s
190,1024,0m0.027s,0m0.000s,0m0.002s
191,1024,0m0.030s,0m0.000s,0m0.002s
192,1024,0m0.026s,0m0.000s,0m0.002s
193,1024,0m0.025s,0m0.000s,0m0.002s
194,1024,0m0.025s,0m0.000s,0m0.002s
195,1024,0m0.026s,0m0.000s,0m0.002s
196,1024,0m0.037s,0m0.000s,0m0.002s
197,1024,0m0.035s,0m0.000s,0m0.002s
198,1024,0m0.035s,0m0.000s,0m0.002s
199,1024,0m0.033s,0m0.000s,0m0.002s
200,1024,0m0.029s,0m0.000s,0m0.002s
201,1024,0m0.027s,0m0.000s,0m0.002s
202,1024,0m0.028s,0m0.000s,0m0.002s
203,1024,0m0.025s,0m0.000s,0m0.002s
204,1024,0m0.027s,0m0.000s,0m0.002s
205,1024,0m0.026s,0m0.000s,0m0.002s
206,1024,0m0.031s,0m0.000s,0m0.002s
207,1024,0m0.028s,0m0.000s,0m0.002s
208,1024,0m0.025s,0m0.000s,0m0.002s
209,1024,0m0.026s,0m0.000s,0m0.002s
210,1024,0m0.029s,0m0.000s,0m0.002s
211,1024,0m0.029s,0m0.000s,0m0.002s
212,1024,0m0.028s,0m0.000s,0m0.002s
213,1024,0m0.025s,0m0.000s,0m0.002s
214,1024,0m0.030s,0m0.000s,0m0.002s
215,1024,0m0.026s,0m0.000s,0m0.002s
216,1024,0m0.028s,0m0.000s,0m0.002s
217,1024,0m0.024s,0m0.000s,0m0.002s
218,1024,0m0.025s,0m0.000s,0m0.002s
219,1024,0m0.026s,0m0.000s,0m0.002s
220,1024,0m0.023s,0m0.000s,0m0.001s
221,1024,0m0.024s,0m0.000s,0m0.001s
222,1024,0m0.029s,0m0.000s,0m0.002s
223,1024,0m0.021s,0m0.000s,0m0.001s
224,1024,0m0.025s,0m0.000s,0m0.002s
225,1024,0m0.021s,0m0.000s,0m0.001s
226,1024,0m0.027s,0m0.000s,0m0.001s
227,1024,0m0.026s,0m0.000s,0m0.001s
228,1024,0m0.022s,0m0.000s,0m0.001s
229,1024,0m0.021s,0m0.000s,0m0.001s
230,1024,0m0.025s,0m0.000s,0m0.002s
231,1024,0m0.025s,0m0.000s,0m0.002s
232,1024,0m0.029s,0m0.000s,0m0.002s
233,1024,0m0.021s,0m0.000s,0m0.001s
234,1024,0m0.020s,0m0.000s,0m0.001s
235,1024,0m0.030s,0m0.000s,0m0.002s
236,1024,0m0.026s,0m0.000s,0m0.002s
237,1024,0m0.021s,0m0.000s,0m0.001s
238,1024,0m0.028s,0m0.000s,0m0.002s
239,1024,0m0.032s,0m0.000s,0m0.002s
240,1024,0m0.026s,0m0.000s,0m0.002s
241,1024,0m0.020s,0m0.000s,0m0.001s
242,1024,0m0.028s,0m0.000s,0m0.001s
243,1024,0m0.026s,0m0.000s,0m0.001s
244,1024,0m0.029s,0m0.000s,0m0.002s
245,1024,0m0.028s,0m0.002s,0m0.000s
246,1024,0m0.034s,0m0.002s,0m0.000s
247,1024,0m0.032s,0m0.001s,0m0.001s
248,1024,0m0.028s,0m0.000s,0m0.001s
249,1024,0m0.029s,0m0.000s,0m0.002s
250,1024,0m0.032s,0m0.000s,0m0.002s
251,1024,0m0.032s,0m0.000s,0m0.002s
252,1024,0m0.026s,0m0.000s,0m0.001s
253,1024,0m0.028s,0m0.000s,0m0.001s
254,1024,0m0.027s,0m0.000s,0m0.001s
255,1024,0m0.027s,0m0.000s,0m0.002s
256,1024,0m0.026s,0m0.000s,0m0.002s
257,1024,0m0.026s,0m0.000s,0m0.002s
258,1024,0m0.027s,0m0.000s,0m0.001s
259,1024,0m0.029s,0m0.000s,0m0.002s
260,1024,0m0.027s,0m0.000s,0m0.002s
261,1024,0m0.025s,0m0.000s,0m0.002s
262,1024,0m0.026s,0m0.000s,0m0.002s
263,1024,0m0.027s,0m0.000s,0m0.002s
264,1024,0m0.029s,0m0.002s,0m0.000s
265,1024,0m0.026s,0m0.002s,0m0.000s
266,1024,0m0.026s,0m0.002s,0m0.000s
267,1024,0m0.026s,0m0.000s,0m0.002s
268,1024,0m0.026s,0m0.000s,0m0.002s
269,1024,0m0.028s,0m0.000s,0m0.002s
270,1024,0m0.028s,0m0.000s,0m0.001s
271,1024,0m0.031s,0m0.000s,0m0.002s
272,1024,0m0.027s,0m0.000s,0m0.002s
273,1024,0m0.032s,0m0.000s,0m0.002s
274,1024,0m0.027s,0m0.000s,0m0.002s
275,1024,0m0.026s,0m0.000s,0m0.002s
276,1024,0m0.026s,0m0.000s,0m0.002s
277,1024,0m0.026s,0m0.000s,0m0.002s
278,1024,0m0.026s,0m0.000s,0m0.002s
279,1024,0m0.029s,0m0.002s,0m0.000s
280,1024,0m0.027s,0m0.002s,0m0.000s
281,1024,0m0.025s,0m0.000s,0m0.001s
282,1024,0m0.025s,0m0.000s,0m0.001s
283,1024,0m0.026s,0m0.000s,0m0.002s
284,1024,0m0.027s,0m0.000s,0m0.002s
285,1024,0m0.024s,0m0.000s,0m0.001s
286,1024,0m0.024s,0m0.000s,0m0.002s
287,1024,0m0.024s,0m0.000s,0m0.002s
288,1024,0m0.031s,0m0.000s,0m0.002s
289,1024,0m0.028s,0m0.000s,0m0.002s
290,1024,0m0.026s,0m0.000s,0m0.002s
291,1024,0m0.025s,0m0.000s,0m0.002s
292,1024,0m0.026s,0m0.000s,0m0.002s
293,1024,0m0.028s,0m0.000s,0m0.002s
294,1024,0m0.027s,0m0.000s,0m0.002s
295,1024,0m0.025s,0m0.000s,0m0.002s
296,1024,0m0.025s,0m0.000s,0m0.002s
297,1024,0m0.025s,0m0.000s,0m0.002s
298,1024,0m0.025s,0m0.000s,0m0.002s
299,1024,0m0.033s,0m0.000s,0m0.002s
300,1024,0m0.028s,0m0.000s,0m0.002s
301,1024,0m0.028s,0m0.000s,0m0.002s
302,1024,0m0.028s,0m0.000s,0m0.002s
303,1024,0m0.027s,0m0.000s,0m0.002s
304,1024,0m0.026s,0m0.000s,0m0.002s
305,1024,0m0.026s,0m0.000s,0m0.002s
306,1024,0m0.028s,0m0.000s,0m0.002s
307,1024,0m0.030s,0m0.000s,0m0.002s
308,1024,0m0.026s,0m0.000s,0m0.002s
309,1024,0m0.026s,0m0.000s,0m0.002s
310,1024,0m0.025s,0m0.000s,0m0.002s
311,1024,0m0.025s,0m0.000s,0m0.002s
312,1024,0m0.028s,0m0.000s,0m0.002s
313,1024,0m0.029s,0m0.000s,0m0.002s
314,1024,0m0.025s,0m0.000s,0m0.001s
315,1024,0m0.025s,0m0.000s,0m0.002s
316,1024,0m0.027s,0m0.000s,0m0.002s
317,1024,0m0.028s,0m0.000s,0m0.002s
318,1024,0m0.025s,0m0.000s,0m0.001s
319,1024,0m0.026s,0m0.000s,0m0.001s
320,1024,0m0.030s,0m0.000s,0m0.002s
321,1024,0m0.028s,0m0.002s,0m0.000s
322,1024,0m0.033s,0m0.002s,0m0.000s
323,1024,0m0.026s,0m0.002s,0m0.000s
324,1024,0m0.026s,0m0.001s,0m0.001s
325,1024,0m0.027s,0m0.000s,0m0.002s
326,1024,0m0.035s,0m0.000s,0m0.002s
327,1024,0m0.040s,0m0.000s,0m0.003s
328,1024,0m0.034s,0m0.000s,0m0.002s
329,1024,0m0.041s,0m0.000s,0m0.002s
330,1024,0m0.030s,0m0.000s,0m0.002s
331,1024,0m0.032s,0m0.000s,0m0.002s
332,1024,0m0.031s,0m0.000s,0m0.002s
333,1024,0m0.027s,0m0.000s,0m0.002s
334,1024,0m0.028s,0m0.000s,0m0.002s
335,1024,0m0.031s,0m0.000s,0m0.002s
336,1024,0m0.030s,0m0.000s,0m0.002s
337,1024,0m0.029s,0m0.000s,0m0.002s
338,1024,0m0.029s,0m0.000s,0m0.002s
339,1024,0m0.028s,0m0.000s,0m0.002s
340,1024,0m0.027s,0m0.000s,0m0.002s
341,1024,0m0.026s,0m0.002s,0m0.000s
342,1024,0m0.025s,0m0.002s,0m0.000s
343,1024,0m0.030s,0m0.000s,0m0.002s
344,1024,0m0.028s,0m0.000s,0m0.001s
345,1024,0m0.026s,0m0.000s,0m0.001s
346,1024,0m0.025s,0m0.000s,0m0.001s
347,1024,0m0.029s,0m0.000s,0m0.002s
348,1024,0m0.026s,0m0.000s,0m0.002s
349,1024,0m0.028s,0m0.000s,0m0.002s
350,1024,0m0.027s,0m0.000s,0m0.002s
351,1024,0m0.027s,0m0.000s,0m0.002s
352,1024,0m0.028s,0m0.000s,0m0.001s
353,1024,0m0.033s,0m0.000s,0m0.002s
354,1024,0m0.032s,0m0.000s,0m0.002s
355,1024,0m0.035s,0m0.000s,0m0.002s
356,1024,0m0.029s,0m0.002s,0m0.000s
357,1024,0m0.029s,0m0.002s,0m0.000s
358,1024,0m0.031s,0m0.000s,0m0.002s
359,1024,0m0.028s,0m0.000s,0m0.002s
360,1024,0m0.027s,0m0.000s,0m0.002s
361,1024,0m0.026s,0m0.000s,0m0.002s
362,1024,0m0.030s,0m0.000s,0m0.002s
363,1024,0m0.030s,0m0.000s,0m0.002s
364,1024,0m0.028s,0m0.000s,0m0.002s
365,1024,0m0.025s,0m0.000s,0m0.002s
366,1024,0m0.027s,0m0.000s,0m0.001s
367,1024,0m0.026s,0m0.000s,0m0.001s
368,1024,0m0.026s,0m0.000s,0m0.002s
369,1024,0m0.026s,0m0.000s,0m0.002s
370,1024,0m0.027s,0m0.000s,0m0.002s
371,1024,0m0.032s,0m0.002s,0m0.000s
372,1024,0m0.027s,0m0.002s,0m0.000s
373,1024,0m0.029s,0m0.002s,0m0.000s
374,1024,0m0.029s,0m0.001s,0m0.001s
375,1024,0m0.026s,0m0.000s,0m0.002s
376,1024,0m0.026s,0m0.000s,0m0.002s
377,1024,0m0.028s,0m0.000s,0m0.002s
378,1024,0m0.026s,0m0.000s,0m0.001s
379,1024,0m0.032s,0m0.000s,0m0.002s
380,1024,0m0.026s,0m0.000s,0m0.002s
381,1024,0m0.026s,0m0.000s,0m0.002s
382,1024,0m0.026s,0m0.000s,0m0.002s
383,1024,0m0.029s,0m0.000s,0m0.002s
384,1024,0m0.027s,0m0.000s,0m0.002s
385,1024,0m0.026s,0m0.000s,0m0.001s
386,1024,0m0.026s,0m0.000s,0m0.002s
387,1024,0m0.026s,0m0.000s,0m0.002s
388,1024,0m0.026s,0m0.000s,0m0.001s
389,1024,0m0.027s,0m0.000s,0m0.002s
390,1024,0m0.028s,0m0.000s,0m0.002s
391,1024,0m0.026s,0m0.000s,0m0.002s
392,1024,0m0.025s,0m0.000s,0m0.001s
393,1024,0m0.026s,0m0.000s,0m0.002s
394,1024,0m0.026s,0m0.000s,0m0.001s
395,1024,0m0.027s,0m0.000s,0m0.002s
396,1024,0m0.027s,0m0.000s,0m0.001s
397,1024,0m0.026s,0m0.000s,0m0.001s
398,1024,0m0.025s,0m0.000s,0m0.002s
399,1024,0m0.026s,0m0.000s,0m0.002s
400,1024,0m0.026s,0m0.000s,0m0.002s
401,1024,0m0.028s,0m0.000s,0m0.002s
402,1024,0m0.025s,0m0.000s,0m0.002s
403,1024,0m0.026s,0m0.000s,0m0.002s
404,1024,0m0.026s,0m0.000s,0m0.002s
405,1024,0m0.028s,0m0.000s,0m0.001s
406,1024,0m0.027s,0m0.002s,0m0.000s
407,1024,0m0.028s,0m0.002s,0m0.000s
408,1024,0m0.027s,0m0.002s,0m0.000s
409,1024,0m0.027s,0m0.000s,0m0.001s
410,1024,0m0.027s,0m0.000s,0m0.002s
411,1024,0m0.024s,0m0.000s,0m0.001s
412,1024,0m0.025s,0m0.000s,0m0.001s
413,1024,0m0.025s,0m0.000s,0m0.001s
414,1024,0m0.026s,0m0.000s,0m0.002s
415,1024,0m0.027s,0m0.002s,0m0.000s
416,1024,0m0.032s,0m0.002s,0m0.000s
417,1024,0m0.025s,0m0.002s,0m0.000s
418,1024,0m0.026s,0m0.000s,0m0.002s
419,1024,0m0.027s,0m0.000s,0m0.002s
420,1024,0m0.026s,0m0.000s,0m0.002s
421,1024,0m0.033s,0m0.000s,0m0.002s
422,1024,0m0.033s,0m0.000s,0m0.002s
423,1024,0m0.035s,0m0.002s,0m0.000s
424,1024,0m0.028s,0m0.002s,0m0.000s
425,1024,0m0.030s,0m0.002s,0m0.000s
426,1024,0m0.027s,0m0.000s,0m0.002s
427,1024,0m0.026s,0m0.000s,0m0.001s
428,1024,0m0.026s,0m0.000s,0m0.002s
429,1024,0m0.027s,0m0.000s,0m0.002s
430,1024,0m0.026s,0m0.000s,0m0.002s
431,1024,0m0.027s,0m0.000s,0m0.002s
432,1024,0m0.026s,0m0.000s,0m0.002s
433,1024,0m0.026s,0m0.000s,0m0.002s
434,1024,0m0.027s,0m0.000s,0m0.002s
435,1024,0m0.031s,0m0.000s,0m0.002s
436,1024,0m0.026s,0m0.000s,0m0.002s
437,1024,0m0.027s,0m0.000s,0m0.002s
438,1024,0m0.027s,0m0.000s,0m0.002s
439,1024,0m0.028s,0m0.000s,0m0.002s
440,1024,0m0.029s,0m0.000s,0m0.002s
441,1024,0m0.026s,0m0.000s,0m0.002s
442,1024,0m0.026s,0m0.000s,0m0.001s
443,1024,0m0.027s,0m0.000s,0m0.002s
444,1024,0m0.027s,0m0.000s,0m0.002s
445,1024,0m0.025s,0m0.000s,0m0.002s
446,1024,0m0.029s,0m0.000s,0m0.002s
447,1024,0m0.034s,0m0.000s,0m0.002s
448,1024,0m0.033s,0m0.000s,0m0.002s
449,1024,0m0.026s,0m0.000s,0m0.002s
450,1024,0m0.027s,0m0.000s,0m0.002s
451,1024,0m0.030s,0m0.000s,0m0.002s
452,1024,0m0.026s,0m0.000s,0m0.002s
453,1024,0m0.026s,0m0.000s,0m0.002s
454,1024,0m0.028s,0m0.002s,0m0.000s
455,1024,0m0.027s,0m0.002s,0m0.000s
456,1024,0m0.027s,0m0.000s,0m0.001s
457,1024,0m0.026s,0m0.000s,0m0.001s
458,1024,0m0.029s,0m0.000s,0m0.001s
459,1024,0m0.025s,0m0.000s,0m0.001s
460,1024,0m0.026s,0m0.000s,0m0.001s
461,1024,0m0.026s,0m0.000s,0m0.001s
462,1024,0m0.033s,0m0.000s,0m0.002s
463,1024,0m0.033s,0m0.000s,0m0.002s
464,1024,0m0.035s,0m0.000s,0m0.002s
465,1024,0m0.041s,0m0.000s,0m0.002s
466,1024,0m0.028s,0m0.000s,0m0.002s
467,1024,0m0.030s,0m0.000s,0m0.002s
468,1024,0m0.026s,0m0.000s,0m0.002s
469,1024,0m0.026s,0m0.000s,0m0.002s
470,1024,0m0.027s,0m0.000s,0m0.002s
471,1024,0m0.025s,0m0.002s,0m0.000s
472,1024,0m0.027s,0m0.002s,0m0.000s
473,1024,0m0.029s,0m0.001s,0m0.000s
474,1024,0m0.026s,0m0.000s,0m0.001s
475,1024,0m0.025s,0m0.000s,0m0.002s
476,1024,0m0.028s,0m0.000s,0m0.001s
477,1024,0m0.027s,0m0.000s,0m0.001s
478,1024,0m0.026s,0m0.000s,0m0.002s
479,1024,0m0.026s,0m0.000s,0m0.002s
480,1024,0m0.028s,0m0.000s,0m0.002s
481,1024,0m0.028s,0m0.000s,0m0.002s
482,1024,0m0.026s,0m0.000s,0m0.002s
483,1024,0m0.026s,0m0.000s,0m0.002s
484,1024,0m0.025s,0m0.000s,0m0.002s
485,1024,0m0.028s,0m0.000s,0m0.002s
486,1024,0m0.026s,0m0.000s,0m0.002s
487,1024,0m0.026s,0m0.000s,0m0.002s
488,1024,0m0.025s,0m0.000s,0m0.002s
489,1024,0m0.029s,0m0.000s,0m0.002s
490,1024,0m0.020s,0m0.000s,0m0.001s
491,1024,0m0.021s,0m0.000s,0m0.001s
492,1024,0m0.027s,0m0.002s,0m0.000s
493,1024,0m0.020s,0m0.001s,0m0.000s
494,1024,0m0.031s,0m0.000s,0m0.002s
495,1024,0m0.022s,0m0.000s,0m0.002s
496,1024,0m0.026s,0m0.000s,0m0.002s
497,1024,0m0.021s,0m0.000s,0m0.001s
498,1024,0m0.027s,0m0.000s,0m0.002s
499,1024,0m0.021s,0m0.000s,0m0.001s
500,1024,0m0.021s,0m0.000s,0m0.001s
501,1024,0m0.020s,0m0.000s,0m0.001s
502,1024,0m0.021s,0m0.000s,0m0.001s
503,1024,0m0.025s,0m0.000s,0m0.002s
504,1024,0m0.020s,0m0.000s,0m0.001s
505,1024,0m0.020s,0m0.000s,0m0.001s
506,1024,0m0.026s,0m0.000s,0m0.002s
507,1024,0m0.027s,0m0.000s,0m0.002s
508,1024,0m0.028s,0m0.000s,0m0.002s
509,1024,0m0.025s,0m0.000s,0m0.002s
510,1024,0m0.026s,0m0.000s,0m0.002s
511,1024,0m0.025s,0m0.000s,0m0.002s
512,1024,0m0.028s,0m0.000s,0m0.002s
513,1024,0m0.025s,0m0.000s,0m0.002s
514,1024,0m0.025s,0m0.000s,0m0.002s
515,1024,0m0.027s,0m0.000s,0m0.002s
516,1024,0m0.026s,0m0.000s,0m0.002s
517,1024,0m0.028s,0m0.000s,0m0.002s
518,1024,0m0.026s,0m0.000s,0m0.002s
519,1024,0m0.026s,0m0.000s,0m0.002s
520,1024,0m0.027s,0m0.000s,0m0.002s
521,1024,0m0.027s,0m0.000s,0m0.002s
522,1024,0m0.026s,0m0.000s,0m0.002s
523,1024,0m0.026s,0m0.000s,0m0.002s
524,1024,0m0.027s,0m0.000s,0m0.002s
525,1024,0m0.028s,0m0.000s,0m0.002s
526,1024,0m0.026s,0m0.000s,0m0.002s
527,1024,0m0.029s,0m0.000s,0m0.002s
528,1024,0m0.027s,0m0.000s,0m0.002s
529,1024,0m0.030s,0m0.000s,0m0.002s
530,1024,0m0.027s,0m0.000s,0m0.002s
531,1024,0m0.027s,0m0.000s,0m0.002s
532,1024,0m0.028s,0m0.000s,0m0.002s
533,1024,0m0.028s,0m0.000s,0m0.002s
534,1024,0m0.026s,0m0.000s,0m0.002s
535,1024,0m0.026s,0m0.000s,0m0.002s
536,1024,0m0.027s,0m0.000s,0m0.002s
537,1024,0m0.028s,0m0.002s,0m0.000s
538,1024,0m0.026s,0m0.001s,0m0.001s
539,1024,0m0.026s,0m0.000s,0m0.002s
540,1024,0m0.026s,0m0.000s,0m0.001s
541,1024,0m0.027s,0m0.000s,0m0.002s
542,1024,0m0.027s,0m0.000s,0m0.002s
543,1024,0m0.026s,0m0.000s,0m0.002s
544,1024,0m0.026s,0m0.000s,0m0.002s
545,1024,0m0.027s,0m0.000s,0m0.002s
546,1024,0m0.030s,0m0.000s,0m0.002s
547,1024,0m0.027s,0m0.000s,0m0.002s
548,1024,0m0.027s,0m0.000s,0m0.002s
549,1024,0m0.026s,0m0.000s,0m0.002s
550,1024,0m0.032s,0m0.000s,0m0.002s
551,1024,0m0.028s,0m0.000s,0m0.002s
552,1024,0m0.027s,0m0.000s,0m0.002s
553,1024,0m0.029s,0m0.000s,0m0.002s
554,1024,0m0.026s,0m0.000s,0m0.002s
555,1024,0m0.028s,0m0.000s,0m0.002s
556,1024,0m0.026s,0m0.000s,0m0.002s
557,1024,0m0.033s,0m0.000s,0m0.002s
558,1024,0m0.035s,0m0.000s,0m0.002s
559,1024,0m0.039s,0m0.000s,0m0.002s
560,1024,0m0.035s,0m0.000s,0m0.002s
561,1024,0m0.030s,0m0.000s,0m0.002s
562,1024,0m0.028s,0m0.000s,0m0.002s
563,1024,0m0.028s,0m0.000s,0m0.002s
564,1024,0m0.026s,0m0.000s,0m0.002s
565,1024,0m0.027s,0m0.000s,0m0.002s
566,1024,0m0.029s,0m0.000s,0m0.002s
567,1024,0m0.026s,0m0.000s,0m0.002s
568,1024,0m0.026s,0m0.000s,0m0.002s
569,1024,0m0.028s,0m0.000s,0m0.002s
570,1024,0m0.028s,0m0.000s,0m0.002s
571,1024,0m0.025s,0m0.000s,0m0.002s
572,1024,0m0.026s,0m0.000s,0m0.002s
573,1024,0m0.025s,0m0.000s,0m0.002s
574,1024,0m0.026s,0m0.000s,0m0.002s
575,1024,0m0.035s,0m0.000s,0m0.002s
576,1024,0m0.025s,0m0.000s,0m0.002s
577,1024,0m0.028s,0m0.000s,0m0.002s
578,1024,0m0.027s,0m0.000s,0m0.002s
579,1024,0m0.028s,0m0.000s,0m0.002s
580,1024,0m0.027s,0m0.000s,0m0.002s
581,1024,0m0.028s,0m0.000s,0m0.002s
582,1024,0m0.032s,0m0.000s,0m0.002s
583,1024,0m0.025s,0m0.000s,0m0.002s
584,1024,0m0.025s,0m0.000s,0m0.002s
585,1024,0m0.028s,0m0.000s,0m0.002s
586,1024,0m0.028s,0m0.000s,0m0.002s
587,1024,0m0.026s,0m0.000s,0m0.002s
588,1024,0m0.025s,0m0.000s,0m0.002s
589,1024,0m0.028s,0m0.000s,0m0.002s
590,1024,0m0.025s,0m0.000s,0m0.002s
591,1024,0m0.025s,0m0.000s,0m0.002s
592,1024,0m0.027s,0m0.000s,0m0.002s
593,1024,0m0.027s,0m0.000s,0m0.002s
594,1024,0m0.025s,0m0.000s,0m0.002s
595,1024,0m0.025s,0m0.000s,0m0.002s
596,1024,0m0.027s,0m0.000s,0m0.002s
597,1024,0m0.026s,0m0.000s,0m0.002s
598,1024,0m0.025s,0m0.000s,0m0.002s
599,1024,0m0.027s,0m0.000s,0m0.002s
600,1024,0m0.027s,0m0.000s,0m0.002s
601,1024,0m0.025s,0m0.000s,0m0.001s
602,1024,0m0.029s,0m0.000s,0m0.002s
603,1024,0m0.026s,0m0.000s,0m0.002s
604,1024,0m0.026s,0m0.000s,0m0.002s
605,1024,0m0.028s,0m0.000s,0m0.002s
606,1024,0m0.027s,0m0.000s,0m0.002s
607,1024,0m0.025s,0m0.000s,0m0.002s
608,1024,0m0.025s,0m0.000s,0m0.002s
609,1024,0m0.025s,0m0.000s,0m0.002s
610,1024,0m0.027s,0m0.000s,0m0.002s
611,1024,0m0.029s,0m0.000s,0m0.002s
612,1024,0m0.027s,0m0.000s,0m0.002s
613,1024,0m0.025s,0m0.000s,0m0.002s
614,1024,0m0.026s,0m0.000s,0m0.002s
615,1024,0m0.026s,0m0.000s,0m0.002s
616,1024,0m0.028s,0m0.000s,0m0.002s
617,1024,0m0.028s,0m0.000s,0m0.002s
618,1024,0m0.025s,0m0.000s,0m0.002s
619,1024,0m0.028s,0m0.000s,0m0.002s
620,1024,0m0.026s,0m0.000s,0m0.002s
621,1024,0m0.027s,0m0.000s,0m0.002s
622,1024,0m0.027s,0m0.000s,0m0.002s
623,1024,0m0.027s,0m0.000s,0m0.002s
624,1024,0m0.027s,0m0.000s,0m0.002s
625,1024,0m0.026s,0m0.000s,0m0.002s
626,1024,0m0.026s,0m0.000s,0m0.002s
627,1024,0m0.026s,0m0.000s,0m0.002s
628,1024,0m0.028s,0m0.000s,0m0.002s
629,1024,0m0.026s,0m0.002s,0m0.000s
630,1024,0m0.025s,0m0.000s,0m0.002s
631,1024,0m0.025s,0m0.000s,0m0.002s
632,1024,0m0.026s,0m0.000s,0m0.002s
633,1024,0m0.026s,0m0.000s,0m0.002s
634,1024,0m0.028s,0m0.000s,0m0.002s
635,1024,0m0.027s,0m0.002s,0m0.000s
636,1024,0m0.025s,0m0.002s,0m0.000s
637,1024,0m0.025s,0m0.001s,0m0.001s
638,1024,0m0.027s,0m0.000s,0m0.002s
639,1024,0m0.026s,0m0.000s,0m0.002s
640,1024,0m0.030s,0m0.000s,0m0.002s
641,1024,0m0.025s,0m0.000s,0m0.002s
642,1024,0m0.026s,0m0.000s,0m0.002s
643,1024,0m0.025s,0m0.000s,0m0.002s
644,1024,0m0.027s,0m0.000s,0m0.002s
645,1024,0m0.034s,0m0.000s,0m0.002s
646,1024,0m0.030s,0m0.000s,0m0.002s
647,1024,0m0.032s,0m0.000s,0m0.002s
648,1024,0m0.029s,0m0.000s,0m0.002s
649,1024,0m0.028s,0m0.000s,0m0.002s
650,1024,0m0.026s,0m0.000s,0m0.002s
651,1024,0m0.033s,0m0.002s,0m0.000s
652,1024,0m0.028s,0m0.002s,0m0.000s
653,1024,0m0.025s,0m0.002s,0m0.000s
654,1024,0m0.028s,0m0.000s,0m0.002s
655,1024,0m0.029s,0m0.000s,0m0.002s
656,1024,0m0.026s,0m0.002s,0m0.000s
657,1024,0m0.030s,0m0.002s,0m0.000s
658,1024,0m0.027s,0m0.000s,0m0.002s
659,1024,0m0.028s,0m0.000s,0m0.002s
660,1024,0m0.025s,0m0.000s,0m0.001s
661,1024,0m0.020s,0m0.000s,0m0.001s
662,1024,0m0.021s,0m0.000s,0m0.001s
663,1024,0m0.028s,0m0.002s,0m0.000s
664,1024,0m0.021s,0m0.002s,0m0.000s
665,1024,0m0.021s,0m0.001s,0m0.000s
666,1024,0m0.020s,0m0.000s,0m0.001s
667,1024,0m0.023s,0m0.000s,0m0.001s
668,1024,0m0.021s,0m0.000s,0m0.001s
669,1024,0m0.021s,0m0.000s,0m0.001s
670,1024,0m0.023s,0m0.000s,0m0.001s
671,1024,0m0.020s,0m0.001s,0m0.000s
672,1024,0m0.020s,0m0.001s,0m0.000s
673,1024,0m0.020s,0m0.001s,0m0.001s
674,1024,0m0.020s,0m0.000s,0m0.001s
675,1024,0m0.024s,0m0.000s,0m0.001s
676,1024,0m0.022s,0m0.002s,0m0.000s
677,1024,0m0.023s,0m0.002s,0m0.000s
678,1024,0m0.021s,0m0.002s,0m0.000s
679,1024,0m0.021s,0m0.000s,0m0.001s
680,1024,0m0.026s,0m0.000s,0m0.001s
681,1024,0m0.022s,0m0.000s,0m0.001s
682,1024,0m0.025s,0m0.000s,0m0.001s
683,1024,0m0.020s,0m0.000s,0m0.001s
684,1024,0m0.026s,0m0.002s,0m0.000s
685,1024,0m0.022s,0m0.001s,0m0.000s
686,1024,0m0.026s,0m0.002s,0m0.000s
687,1024,0m0.020s,0m0.001s,0m0.001s
688,1024,0m0.022s,0m0.000s,0m0.001s
689,1024,0m0.022s,0m0.000s,0m0.001s
690,1024,0m0.028s,0m0.000s,0m0.002s
691,1024,0m0.026s,0m0.000s,0m0.002s
692,1024,0m0.028s,0m0.000s,0m0.002s
693,1024,0m0.025s,0m0.000s,0m0.002s
694,1024,0m0.026s,0m0.000s,0m0.002s
695,1024,0m0.025s,0m0.000s,0m0.002s
696,1024,0m0.025s,0m0.000s,0m0.002s
697,1024,0m0.025s,0m0.000s,0m0.002s
698,1024,0m0.030s,0m0.000s,0m0.002s
699,1024,0m0.028s,0m0.000s,0m0.002s
700,1024,0m0.025s,0m0.000s,0m0.002s
701,1024,0m0.024s,0m0.000s,0m0.002s
702,1024,0m0.032s,0m0.000s,0m0.002s
703,1024,0m0.026s,0m0.000s,0m0.002s
704,1024,0m0.026s,0m0.000s,0m0.002s
705,1024,0m0.026s,0m0.000s,0m0.002s
706,1024,0m0.028s,0m0.000s,0m0.002s
707,1024,0m0.025s,0m0.000s,0m0.002s
708,1024,0m0.027s,0m0.000s,0m0.002s
709,1024,0m0.026s,0m0.000s,0m0.002s
710,1024,0m0.028s,0m0.000s,0m0.002s
711,1024,0m0.025s,0m0.000s,0m0.002s
712,1024,0m0.028s,0m0.000s,0m0.002s
713,1024,0m0.026s,0m0.000s,0m0.002s
714,1024,0m0.027s,0m0.000s,0m0.002s
715,1024,0m0.026s,0m0.000s,0m0.001s
716,1024,0m0.027s,0m0.000s,0m0.001s
717,1024,0m0.026s,0m0.000s,0m0.001s
718,1024,0m0.028s,0m0.000s,0m0.001s
719,1024,0m0.026s,0m0.000s,0m0.001s
720,1024,0m0.026s,0m0.000s,0m0.001s
721,1024,0m0.025s,0m0.000s,0m0.002s
722,1024,0m0.030s,0m0.000s,0m0.002s
723,1024,0m0.026s,0m0.000s,0m0.002s
724,1024,0m0.027s,0m0.000s,0m0.002s
725,1024,0m0.027s,0m0.000s,0m0.002s
726,1024,0m0.027s,0m0.000s,0m0.002s
727,1024,0m0.025s,0m0.002s,0m0.000s
728,1024,0m0.028s,0m0.002s,0m0.000s
729,1024,0m0.025s,0m0.002s,0m0.000s
730,1024,0m0.026s,0m0.000s,0m0.001s
731,1024,0m0.026s,0m0.000s,0m0.002s
732,1024,0m0.028s,0m0.000s,0m0.002s
733,1024,0m0.026s,0m0.000s,0m0.002s
734,1024,0m0.026s,0m0.000s,0m0.002s
735,1024,0m0.028s,0m0.000s,0m0.002s
736,1024,0m0.029s,0m0.000s,0m0.002s
737,1024,0m0.025s,0m0.000s,0m0.002s
738,1024,0m0.026s,0m0.000s,0m0.002s
739,1024,0m0.025s,0m0.000s,0m0.002s
740,1024,0m0.031s,0m0.000s,0m0.002s
741,1024,0m0.033s,0m0.000s,0m0.002s
742,1024,0m0.035s,0m0.000s,0m0.002s
743,1024,0m0.034s,0m0.000s,0m0.002s
744,1024,0m0.029s,0m0.000s,0m0.002s
745,1024,0m0.027s,0m0.000s,0m0.002s
746,1024,0m0.035s,0m0.000s,0m0.002s
747,1024,0m0.028s,0m0.000s,0m0.002s
748,1024,0m0.027s,0m0.000s,0m0.002s
749,1024,0m0.028s,0m0.000s,0m0.002s
750,1024,0m0.027s,0m0.000s,0m0.002s
751,1024,0m0.027s,0m0.000s,0m0.002s
752,1024,0m0.025s,0m0.000s,0m0.002s
753,1024,0m0.029s,0m0.000s,0m0.002s
754,1024,0m0.027s,0m0.000s,0m0.002s
755,1024,0m0.027s,0m0.002s,0m0.000s
756,1024,0m0.025s,0m0.002s,0m0.000s
757,1024,0m0.025s,0m0.000s,0m0.001s
758,1024,0m0.027s,0m0.002s,0m0.000s
759,1024,0m0.026s,0m0.002s,0m0.000s
760,1024,0m0.026s,0m0.002s,0m0.000s
761,1024,0m0.026s,0m0.000s,0m0.002s
762,1024,0m0.027s,0m0.000s,0m0.001s
763,1024,0m0.026s,0m0.000s,0m0.002s
764,1024,0m0.025s,0m0.000s,0m0.002s
765,1024,0m0.025s,0m0.000s,0m0.002s
766,1024,0m0.026s,0m0.000s,0m0.002s
767,1024,0m0.027s,0m0.000s,0m0.002s
768,1024,0m0.025s,0m0.000s,0m0.002s
769,1024,0m0.029s,0m0.000s,0m0.002s
770,1024,0m0.026s,0m0.000s,0m0.002s
771,1024,0m0.027s,0m0.000s,0m0.001s
772,1024,0m0.026s,0m0.000s,0m0.002s
773,1024,0m0.025s,0m0.000s,0m0.002s
774,1024,0m0.025s,0m0.000s,0m0.002s
775,1024,0m0.028s,0m0.000s,0m0.002s
776,1024,0m0.031s,0m0.000s,0m0.002s
777,1024,0m0.025s,0m0.000s,0m0.002s
778,1024,0m0.026s,0m0.000s,0m0.002s
779,1024,0m0.029s,0m0.000s,0m0.002s
780,1024,0m0.026s,0m0.000s,0m0.002s
781,1024,0m0.025s,0m0.000s,0m0.001s
782,1024,0m0.024s,0m0.000s,0m0.001s
783,1024,0m0.028s,0m0.000s,0m0.002s
784,1024,0m0.028s,0m0.000s,0m0.002s
785,1024,0m0.028s,0m0.000s,0m0.002s
786,1024,0m0.025s,0m0.000s,0m0.002s
787,1024,0m0.028s,0m0.000s,0m0.002s
788,1024,0m0.026s,0m0.000s,0m0.002s
789,1024,0m0.030s,0m0.000s,0m0.002s
790,1024,0m0.029s,0m0.000s,0m0.002s
791,1024,0m0.026s,0m0.000s,0m0.002s
792,1024,0m0.026s,0m0.000s,0m0.002s
793,1024,0m0.025s,0m0.000s,0m0.002s
794,1024,0m0.029s,0m0.000s,0m0.002s
795,1024,0m0.027s,0m0.000s,0m0.002s
796,1024,0m0.027s,0m0.000s,0m0.002s
797,1024,0m0.026s,0m0.000s,0m0.002s
798,1024,0m0.025s,0m0.000s,0m0.002s
799,1024,0m0.029s,0m0.000s,0m0.002s
800,1024,0m0.020s,0m0.000s,0m0.001s
801,1024,0m0.021s,0m0.000s,0m0.001s
802,1024,0m0.025s,0m0.000s,0m0.001s
803,1024,0m0.020s,0m0.000s,0m0.002s
804,1024,0m0.021s,0m0.000s,0m0.001s
805,1024,0m0.022s,0m0.000s,0m0.001s
806,1024,0m0.022s,0m0.000s,0m0.001s
807,1024,0m0.028s,0m0.000s,0m0.002s
808,1024,0m0.022s,0m0.002s,0m0.000s
809,1024,0m0.026s,0m0.002s,0m0.000s
810,1024,0m0.021s,0m0.000s,0m0.001s
811,1024,0m0.021s,0m0.000s,0m0.001s
812,1024,0m0.025s,0m0.000s,0m0.001s
813,1024,0m0.032s,0m0.000s,0m0.002s
814,1024,0m0.027s,0m0.000s,0m0.001s
815,1024,0m0.027s,0m0.000s,0m0.001s
816,1024,0m0.027s,0m0.000s,0m0.002s
817,1024,0m0.027s,0m0.000s,0m0.001s
818,1024,0m0.028s,0m0.002s,0m0.000s
819,1024,0m0.027s,0m0.002s,0m0.000s
820,1024,0m0.026s,0m0.000s,0m0.002s
821,1024,0m0.026s,0m0.000s,0m0.002s
822,1024,0m0.029s,0m0.000s,0m0.002s
823,1024,0m0.030s,0m0.000s,0m0.002s
824,1024,0m0.027s,0m0.000s,0m0.002s
825,1024,0m0.027s,0m0.000s,0m0.002s
826,1024,0m0.026s,0m0.000s,0m0.001s
827,1024,0m0.025s,0m0.000s,0m0.002s
828,1024,0m0.026s,0m0.000s,0m0.002s
829,1024,0m0.021s,0m0.001s,0m0.000s
830,1024,0m0.027s,0m0.002s,0m0.000s
831,1024,0m0.027s,0m0.002s,0m0.000s
832,1024,0m0.026s,0m0.000s,0m0.001s
833,1024,0m0.027s,0m0.000s,0m0.002s
834,1024,0m0.026s,0m0.000s,0m0.002s
835,1024,0m0.027s,0m0.000s,0m0.002s
836,1024,0m0.027s,0m0.000s,0m0.002s
837,1024,0m0.028s,0m0.000s,0m0.002s
838,1024,0m0.026s,0m0.000s,0m0.002s
839,1024,0m0.027s,0m0.000s,0m0.002s
840,1024,0m0.034s,0m0.000s,0m0.002s
841,1024,0m0.027s,0m0.000s,0m0.002s
842,1024,0m0.027s,0m0.000s,0m0.002s
843,1024,0m0.028s,0m0.000s,0m0.002s
844,1024,0m0.035s,0m0.000s,0m0.002s
845,1024,0m0.033s,0m0.000s,0m0.002s
846,1024,0m0.033s,0m0.000s,0m0.002s
847,1024,0m0.035s,0m0.000s,0m0.002s
848,1024,0m0.030s,0m0.000s,0m0.002s
849,1024,0m0.028s,0m0.000s,0m0.002s
850,1024,0m0.027s,0m0.000s,0m0.002s
851,1024,0m0.028s,0m0.000s,0m0.002s
852,1024,0m0.028s,0m0.000s,0m0.002s
853,1024,0m0.026s,0m0.000s,0m0.002s
854,1024,0m0.027s,0m0.000s,0m0.002s
855,1024,0m0.028s,0m0.000s,0m0.002s
856,1024,0m0.029s,0m0.000s,0m0.002s
857,1024,0m0.027s,0m0.000s,0m0.002s
858,1024,0m0.025s,0m0.000s,0m0.002s
859,1024,0m0.025s,0m0.000s,0m0.002s
860,1024,0m0.030s,0m0.000s,0m0.002s
861,1024,0m0.025s,0m0.000s,0m0.002s
862,1024,0m0.026s,0m0.002s,0m0.000s
863,1024,0m0.026s,0m0.001s,0m0.001s
864,1024,0m0.029s,0m0.000s,0m0.002s
865,1024,0m0.027s,0m0.000s,0m0.002s
866,1024,0m0.026s,0m0.000s,0m0.002s
867,1024,0m0.025s,0m0.000s,0m0.002s
868,1024,0m0.031s,0m0.000s,0m0.002s
869,1024,0m0.026s,0m0.002s,0m0.000s
870,1024,0m0.025s,0m0.002s,0m0.000s
871,1024,0m0.026s,0m0.002s,0m0.000s
872,1024,0m0.028s,0m0.000s,0m0.002s
873,1024,0m0.030s,0m0.000s,0m0.002s
874,1024,0m0.026s,0m0.000s,0m0.002s
875,1024,0m0.025s,0m0.000s,0m0.001s
876,1024,0m0.026s,0m0.000s,0m0.002s
877,1024,0m0.025s,0m0.000s,0m0.002s
878,1024,0m0.028s,0m0.000s,0m0.002s
879,1024,0m0.025s,0m0.002s,0m0.000s
880,1024,0m0.028s,0m0.002s,0m0.000s
881,1024,0m0.025s,0m0.002s,0m0.000s
882,1024,0m0.028s,0m0.000s,0m0.002s
883,1024,0m0.031s,0m0.000s,0m0.002s
884,1024,0m0.028s,0m0.000s,0m0.002s
885,1024,0m0.026s,0m0.002s,0m0.000s
886,1024,0m0.026s,0m0.002s,0m0.000s
887,1024,0m0.029s,0m0.001s,0m0.001s
888,1024,0m0.027s,0m0.000s,0m0.002s
889,1024,0m0.025s,0m0.000s,0m0.002s
890,1024,0m0.025s,0m0.000s,0m0.002s
891,1024,0m0.025s,0m0.000s,0m0.001s
892,1024,0m0.027s,0m0.000s,0m0.002s
893,1024,0m0.028s,0m0.000s,0m0.002s
894,1024,0m0.025s,0m0.000s,0m0.002s
895,1024,0m0.025s,0m0.000s,0m0.001s
896,1024,0m0.026s,0m0.002s,0m0.000s
897,1024,0m0.026s,0m0.002s,0m0.000s
898,1024,0m0.029s,0m0.002s,0m0.000s
899,1024,0m0.027s,0m0.000s,0m0.002s
900,1024,0m0.026s,0m0.000s,0m0.002s
901,1024,0m0.030s,0m0.000s,0m0.002s
902,1024,0m0.025s,0m0.001s,0m0.001s
903,1024,0m0.025s,0m0.000s,0m0.001s
904,1024,0m0.026s,0m0.000s,0m0.002s
905,1024,0m0.026s,0m0.000s,0m0.002s
906,1024,0m0.029s,0m0.000s,0m0.002s
907,1024,0m0.024s,0m0.000s,0m0.002s
908,1024,0m0.025s,0m0.000s,0m0.001s
909,1024,0m0.025s,0m0.000s,0m0.001s
910,1024,0m0.025s,0m0.000s,0m0.002s
911,1024,0m0.029s,0m0.000s,0m0.002s
912,1024,0m0.025s,0m0.000s,0m0.002s
913,1024,0m0.025s,0m0.000s,0m0.002s
914,1024,0m0.026s,0m0.000s,0m0.002s
915,1024,0m0.030s,0m0.000s,0m0.002s
916,1024,0m0.030s,0m0.000s,0m0.002s
917,1024,0m0.026s,0m0.000s,0m0.002s
918,1024,0m0.026s,0m0.000s,0m0.002s
919,1024,0m0.026s,0m0.000s,0m0.002s
920,1024,0m0.027s,0m0.000s,0m0.002s
921,1024,0m0.029s,0m0.000s,0m0.002s
922,1024,0m0.025s,0m0.000s,0m0.002s
923,1024,0m0.027s,0m0.000s,0m0.002s
924,1024,0m0.025s,0m0.002s,0m0.000s
925,1024,0m0.029s,0m0.002s,0m0.000s
926,1024,0m0.026s,0m0.000s,0m0.002s
927,1024,0m0.024s,0m0.002s,0m0.000s
928,1024,0m0.025s,0m0.002s,0m0.000s
929,1024,0m0.028s,0m0.002s,0m0.000s
930,1024,0m0.027s,0m0.002s,0m0.000s
931,1024,0m0.025s,0m0.002s,0m0.000s
932,1024,0m0.027s,0m0.002s,0m0.000s
933,1024,0m0.028s,0m0.002s,0m0.000s
934,1024,0m0.029s,0m0.002s,0m0.000s
935,1024,0m0.026s,0m0.000s,0m0.002s
936,1024,0m0.025s,0m0.000s,0m0.001s
937,1024,0m0.026s,0m0.000s,0m0.002s
938,1024,0m0.028s,0m0.000s,0m0.002s
939,1024,0m0.032s,0m0.001s,0m0.002s
940,1024,0m0.037s,0m0.001s,0m0.002s
941,1024,0m0.037s,0m0.000s,0m0.002s
942,1024,0m0.039s,0m0.000s,0m0.002s
943,1024,0m0.034s,0m0.000s,0m0.002s
944,1024,0m0.031s,0m0.000s,0m0.002s
945,1024,0m0.028s,0m0.000s,0m0.002s
946,1024,0m0.028s,0m0.000s,0m0.002s
947,1024,0m0.029s,0m0.000s,0m0.002s
948,1024,0m0.028s,0m0.000s,0m0.002s
949,1024,0m0.029s,0m0.002s,0m0.000s
950,1024,0m0.037s,0m0.002s,0m0.001s
951,1024,0m0.027s,0m0.000s,0m0.001s
952,1024,0m0.030s,0m0.000s,0m0.002s
953,1024,0m0.027s,0m0.000s,0m0.002s
954,1024,0m0.027s,0m0.000s,0m0.002s
955,1024,0m0.029s,0m0.000s,0m0.002s
956,1024,0m0.030s,0m0.000s,0m0.002s
957,1024,0m0.026s,0m0.000s,0m0.002s
958,1024,0m0.026s,0m0.000s,0m0.002s
959,1024,0m0.028s,0m0.000s,0m0.002s
960,1024,0m0.027s,0m0.000s,0m0.002s
961,1024,0m0.026s,0m0.000s,0m0.002s
962,1024,0m0.030s,0m0.000s,0m0.002s
963,1024,0m0.026s,0m0.000s,0m0.002s
964,1024,0m0.027s,0m0.000s,0m0.002s
965,1024,0m0.026s,0m0.000s,0m0.002s
966,1024,0m0.026s,0m0.000s,0m0.002s
967,1024,0m0.029s,0m0.000s,0m0.002s
968,1024,0m0.030s,0m0.000s,0m0.002s
969,1024,0m0.026s,0m0.000s,0m0.002s
970,1024,0m0.027s,0m0.002s,0m0.000s
971,1024,0m0.027s,0m0.002s,0m0.000s
972,1024,0m0.029s,0m0.000s,0m0.002s
973,1024,0m0.026s,0m0.000s,0m0.001s
974,1024,0m0.026s,0m0.002s,0m0.000s
975,1024,0m0.028s,0m0.002s,0m0.000s
976,1024,0m0.026s,0m0.002s,0m0.000s
977,1024,0m0.025s,0m0.001s,0m0.001s
978,1024,0m0.032s,0m0.000s,0m0.002s
979,1024,0m0.026s,0m0.000s,0m0.002s
980,1024,0m0.026s,0m0.000s,0m0.001s
981,1024,0m0.028s,0m0.000s,0m0.002s
982,1024,0m0.026s,0m0.000s,0m0.001s
983,1024,0m0.028s,0m0.000s,0m0.002s
984,1024,0m0.027s,0m0.000s,0m0.002s
985,1024,0m0.028s,0m0.000s,0m0.002s
986,1024,0m0.028s,0m0.000s,0m0.001s
987,1024,0m0.027s,0m0.000s,0m0.002s
988,1024,0m0.026s,0m0.000s,0m0.001s
989,1024,0m0.028s,0m0.000s,0m0.002s
990,1024,0m0.026s,0m0.000s,0m0.002s
991,1024,0m0.028s,0m0.000s,0m0.002s
992,1024,0m0.025s,0m0.000s,0m0.002s
993,1024,0m0.026s,0m0.000s,0m0.002s
994,1024,0m0.030s,0m0.000s,0m0.002s
995,1024,0m0.028s,0m0.000s,0m0.002s
996,1024,0m0.026s,0m0.000s,0m0.002s
997,1024,0m0.028s,0m0.000s,0m0.002s
998,1024,0m0.027s,0m0.000s,0m0.002s
999,1024,0m0.026s,0m0.000s,0m0.002s
1000,1024,0m0.026s,0m0.002s,0m0.000s
1001,1024,0m0.029s,0m0.002s,0m0.000s
1002,1024,0m0.026s,0m0.002s,0m0.000s
1003,1024,0m0.027s,0m0.000s,0m0.002s
1004,1024,0m0.025s,0m0.000s,0m0.002s
1005,1024,0m0.025s,0m0.000s,0m0.002s
1006,1024,0m0.027s,0m0.000s,0m0.002s
1007,1024,0m0.029s,0m0.000s,0m0.002s
1008,1024,0m0.028s,0m0.000s,0m0.002s
1009,1024,0m0.027s,0m0.000s,0m0.002s
1010,1024,0m0.032s,0m0.000s,0m0.002s
1011,1024,0m0.028s,0m0.000s,0m0.002s
1012,1024,0m0.026s,0m0.000s,0m0.002s
1013,1024,0m0.026s,0m0.000s,0m0.002s
1014,1024,0m0.029s,0m0.000s,0m0.002s
1015,1024,0m0.033s,0m0.000s,0m0.002s
1016,1024,0m0.033s,0m0.002s,0m0.000s
1017,1024,0m0.030s,0m0.002s,0m0.000s
1018,1024,0m0.031s,0m0.002s,0m0.000s
1019,1024,0m0.027s,0m0.002s,0m0.000s
1020,1024,0m0.029s,0m0.002s,0m0.000s
1021,1024,0m0.027s,0m0.000s,0m0.002s
1022,1024,0m0.027s,0m0.000s,0m0.002s
1023,1024,0m0.026s,0m0.000s,0m0.002s
1024,1024,0m0.030s,0m0.000s,0m0.002s
1025,1024,0m0.026s,0m0.000s,0m0.002s
1026,1024,0m0.027s,0m0.000s,0m0.002s
1027,1024,0m0.030s,0m0.000s,0m0.002s
1028,1024,0m0.026s,0m0.000s,0m0.002s
1029,1024,0m0.027s,0m0.000s,0m0.002s
1030,1024,0m0.026s,0m0.000s,0m0.002s
1031,1024,0m0.029s,0m0.000s,0m0.002s
1032,1024,0m0.028s,0m0.000s,0m0.002s
1033,1024,0m0.028s,0m0.000s,0m0.002s
1034,1024,0m0.026s,0m0.000s,0m0.002s
1035,1024,0m0.028s,0m0.000s,0m0.002s
1036,1024,0m0.027s,0m0.000s,0m0.002s
1037,1024,0m0.026s,0m0.000s,0m0.002s
1038,1024,0m0.029s,0m0.000s,0m0.002s
1039,1024,0m0.032s,0m0.000s,0m0.002s
1040,1024,0m0.027s,0m0.000s,0m0.002s
1041,1024,0m0.029s,0m0.000s,0m0.002s
1042,1024,0m0.030s,0m0.000s,0m0.002s
1043,1024,0m0.032s,0m0.000s,0m0.002s
1044,1024,0m0.028s,0m0.000s,0m0.002s
1045,1024,0m0.032s,0m0.000s,0m0.002s
1046,1024,0m0.027s,0m0.000s,0m0.002s
1047,1024,0m0.028s,0m0.002s,0m0.000s
1048,1024,0m0.029s,0m0.000s,0m0.002s
1049,1024,0m0.028s,0m0.000s,0m0.002s
1050,1024,0m0.027s,0m0.000s,0m0.002s
1051,1024,0m0.028s,0m0.000s,0m0.002s
1052,1024,0m0.029s,0m0.000s,0m0.002s
1053,1024,0m0.028s,0m0.000s,0m0.002s
1054,1024,0m0.026s,0m0.000s,0m0.002s
1055,1024,0m0.025s,0m0.000s,0m0.002s
1056,1024,0m0.030s,0m0.000s,0m0.002s
1057,1024,0m0.027s,0m0.000s,0m0.002s
1058,1024,0m0.027s,0m0.000s,0m0.002s
1059,1024,0m0.034s,0m0.000s,0m0.002s
1060,1024,0m0.034s,0m0.000s,0m0.002s
1061,1024,0m0.036s,0m0.000s,0m0.002s
1062,1024,0m0.034s,0m0.000s,0m0.002s
1063,1024,0m0.033s,0m0.002s,0m0.000s
1064,1024,0m0.028s,0m0.002s,0m0.000s
1065,1024,0m0.029s,0m0.000s,0m0.002s
1066,1024,0m0.028s,0m0.000s,0m0.002s
1067,1024,0m0.028s,0m0.000s,0m0.002s
1068,1024,0m0.027s,0m0.000s,0m0.002s
1069,1024,0m0.027s,0m0.000s,0m0.002s
1070,1024,0m0.028s,0m0.000s,0m0.002s
1071,1024,0m0.030s,0m0.000s,0m0.002s
1072,1024,0m0.027s,0m0.000s,0m0.002s
1073,1024,0m0.029s,0m0.000s,0m0.002s
1074,1024,0m0.027s,0m0.000s,0m0.002s
1075,1024,0m0.028s,0m0.000s,0m0.002s
1076,1024,0m0.030s,0m0.000s,0m0.002s
1077,1024,0m0.026s,0m0.000s,0m0.002s
1078,1024,0m0.028s,0m0.000s,0m0.002s
1079,1024,0m0.028s,0m0.002s,0m0.000s
1080,1024,0m0.027s,0m0.002s,0m0.000s
1081,1024,0m0.026s,0m0.001s,0m0.001s
1082,1024,0m0.027s,0m0.000s,0m0.002s
1083,1024,0m0.029s,0m0.000s,0m0.002s
1084,1024,0m0.027s,0m0.000s,0m0.002s
1085,1024,0m0.026s,0m0.000s,0m0.001s
1086,1024,0m0.028s,0m0.001s,0m0.002s
1087,1024,0m0.027s,0m0.000s,0m0.002s
1088,1024,0m0.027s,0m0.000s,0m0.002s
1089,1024,0m0.027s,0m0.000s,0m0.002s
1090,1024,0m0.028s,0m0.000s,0m0.002s
1091,1024,0m0.027s,0m0.000s,0m0.002s
1092,1024,0m0.030s,0m0.000s,0m0.002s
1093,1024,0m0.030s,0m0.000s,0m0.002s
1094,1024,0m0.028s,0m0.000s,0m0.002s
1095,1024,0m0.027s,0m0.000s,0m0.001s
1096,1024,0m0.025s,0m0.000s,0m0.001s
1097,1024,0m0.031s,0m0.000s,0m0.002s
1098,1024,0m0.028s,0m0.001s,0m0.001s
1099,1024,0m0.028s,0m0.001s,0m0.002s
1100,1024,0m0.029s,0m0.000s,0m0.002s
1101,1024,0m0.025s,0m0.000s,0m0.001s
1102,1024,0m0.021s,0m0.000s,0m0.001s
1103,1024,0m0.032s,0m0.000s,0m0.002s
1104,1024,0m0.021s,0m0.000s,0m0.001s
1105,1024,0m0.021s,0m0.000s,0m0.001s
1106,1024,0m0.026s,0m0.000s,0m0.001s
1107,1024,0m0.021s,0m0.000s,0m0.001s
1108,1024,0m0.021s,0m0.000s,0m0.001s
1109,1024,0m0.021s,0m0.000s,0m0.001s
1110,1024,0m0.029s,0m0.000s,0m0.002s
1111,1024,0m0.027s,0m0.000s,0m0.002s
1112,1024,0m0.026s,0m0.000s,0m0.002s
1113,1024,0m0.027s,0m0.000s,0m0.002s
1114,1024,0m0.027s,0m0.000s,0m0.001s
1115,1024,0m0.023s,0m0.000s,0m0.001s
1116,1024,0m0.028s,0m0.000s,0m0.002s
1117,1024,0m0.022s,0m0.000s,0m0.001s
1118,1024,0m0.024s,0m0.000s,0m0.001s
1119,1024,0m0.029s,0m0.000s,0m0.002s
1120,1024,0m0.027s,0m0.000s,0m0.002s
1121,1024,0m0.029s,0m0.000s,0m0.002s
1122,1024,0m0.026s,0m0.000s,0m0.002s
1123,1024,0m0.027s,0m0.000s,0m0.002s
1124,1024,0m0.027s,0m0.000s,0m0.002s
1125,1024,0m0.028s,0m0.000s,0m0.002s
1126,1024,0m0.031s,0m0.000s,0m0.002s
1127,1024,0m0.026s,0m0.000s,0m0.002s
1128,1024,0m0.023s,0m0.000s,0m0.001s
1129,1024,0m0.026s,0m0.000s,0m0.001s
1130,1024,0m0.030s,0m0.000s,0m0.002s
1131,1024,0m0.045s,0m0.000s,0m0.003s
1132,1024,0m0.042s,0m0.001s,0m0.002s
1133,1024,0m0.028s,0m0.000s,0m0.001s
1134,1024,0m0.025s,0m0.000s,0m0.001s
1135,1024,0m0.029s,0m0.000s,0m0.002s
1136,1024,0m0.031s,0m0.001s,0m0.002s
1137,1024,0m0.028s,0m0.000s,0m0.002s
1138,1024,0m0.027s,0m0.000s,0m0.002s
1139,1024,0m0.030s,0m0.000s,0m0.002s
1140,1024,0m0.026s,0m0.000s,0m0.001s
1141,1024,0m0.026s,0m0.000s,0m0.001s
1142,1024,0m0.029s,0m0.001s,0m0.002s
1143,1024,0m0.028s,0m0.000s,0m0.002s
1144,1024,0m0.025s,0m0.000s,0m0.001s
1145,1024,0m0.026s,0m0.000s,0m0.001s
1146,1024,0m0.031s,0m0.000s,0m0.002s
1147,1024,0m0.028s,0m0.000s,0m0.002s
1148,1024,0m0.026s,0m0.000s,0m0.002s
1149,1024,0m0.026s,0m0.000s,0m0.002s
1150,1024,0m0.029s,0m0.000s,0m0.002s
1151,1024,0m0.027s,0m0.000s,0m0.002s
1152,1024,0m0.027s,0m0.000s,0m0.002s
1153,1024,0m0.027s,0m0.000s,0m0.002s
1154,1024,0m0.030s,0m0.000s,0m0.002s
1155,1024,0m0.028s,0m0.000s,0m0.002s
1156,1024,0m0.026s,0m0.000s,0m0.001s
1157,1024,0m0.027s,0m0.000s,0m0.002s
1158,1024,0m0.028s,0m0.000s,0m0.002s
1159,1024,0m0.027s,0m0.000s,0m0.002s
1160,1024,0m0.028s,0m0.000s,0m0.002s
1161,1024,0m0.031s,0m0.000s,0m0.002s
1162,1024,0m0.029s,0m0.000s,0m0.002s
1163,1024,0m0.029s,0m0.000s,0m0.002s
1164,1024,0m0.027s,0m0.000s,0m0.002s
1165,1024,0m0.028s,0m0.000s,0m0.002s
1166,1024,0m0.027s,0m0.000s,0m0.002s
1167,1024,0m0.027s,0m0.000s,0m0.002s
1168,1024,0m0.026s,0m0.000s,0m0.002s
1169,1024,0m0.027s,0m0.000s,0m0.002s
1170,1024,0m0.028s,0m0.000s,0m0.002s
1171,1024,0m0.027s,0m0.000s,0m0.002s
1172,1024,0m0.028s,0m0.000s,0m0.002s
1173,1024,0m0.031s,0m0.000s,0m0.002s
1174,1024,0m0.028s,0m0.000s,0m0.002s
1175,1024,0m0.027s,0m0.000s,0m0.002s
1176,1024,0m0.027s,0m0.000s,0m0.002s
1177,1024,0m0.033s,0m0.000s,0m0.002s
1178,1024,0m0.027s,0m0.000s,0m0.001s
1179,1024,0m0.026s,0m0.000s,0m0.001s
1180,1024,0m0.026s,0m0.002s,0m0.000s
1181,1024,0m0.028s,0m0.002s,0m0.000s
1182,1024,0m0.026s,0m0.002s,0m0.000s
1183,1024,0m0.025s,0m0.000s,0m0.001s
1184,1024,0m0.026s,0m0.000s,0m0.001s
1185,1024,0m0.027s,0m0.000s,0m0.002s
1186,1024,0m0.028s,0m0.002s,0m0.000s
1187,1024,0m0.029s,0m0.002s,0m0.000s
1188,1024,0m0.025s,0m0.001s,0m0.001s
1189,1024,0m0.025s,0m0.000s,0m0.001s
1190,1024,0m0.028s,0m0.000s,0m0.002s
1191,1024,0m0.025s,0m0.000s,0m0.002s
1192,1024,0m0.029s,0m0.000s,0m0.002s
1193,1024,0m0.026s,0m0.000s,0m0.002s
1194,1024,0m0.030s,0m0.000s,0m0.002s
1195,1024,0m0.028s,0m0.000s,0m0.002s
1196,1024,0m0.029s,0m0.000s,0m0.002s
1197,1024,0m0.025s,0m0.000s,0m0.001s
1198,1024,0m0.028s,0m0.000s,0m0.002s
1199,1024,0m0.025s,0m0.000s,0m0.002s
1200,1024,0m0.025s,0m0.000s,0m0.002s
1201,1024,0m0.026s,0m0.000s,0m0.002s
1202,1024,0m0.029s,0m0.000s,0m0.002s
1203,1024,0m0.028s,0m0.000s,0m0.002s
1204,1024,0m0.026s,0m0.000s,0m0.002s
1205,1024,0m0.026s,0m0.000s,0m0.002s
1206,1024,0m0.026s,0m0.002s,0m0.000s
1207,1024,0m0.029s,0m0.000s,0m0.002s
1208,1024,0m0.028s,0m0.000s,0m0.002s
1209,1024,0m0.027s,0m0.000s,0m0.002s
1210,1024,0m0.027s,0m0.000s,0m0.002s
1211,1024,0m0.028s,0m0.000s,0m0.002s
1212,1024,0m0.026s,0m0.000s,0m0.002s
1213,1024,0m0.030s,0m0.000s,0m0.002s
1214,1024,0m0.026s,0m0.000s,0m0.002s
1215,1024,0m0.027s,0m0.000s,0m0.002s
1216,1024,0m0.027s,0m0.000s,0m0.002s
1217,1024,0m0.028s,0m0.000s,0m0.002s
1218,1024,0m0.026s,0m0.000s,0m0.002s
1219,1024,0m0.027s,0m0.000s,0m0.002s
1220,1024,0m0.028s,0m0.000s,0m0.002s
1221,1024,0m0.027s,0m0.001s,0m0.002s
1222,1024,0m0.026s,0m0.000s,0m0.002s
1223,1024,0m0.026s,0m0.000s,0m0.001s
1224,1024,0m0.032s,0m0.000s,0m0.002s
1225,1024,0m0.026s,0m0.000s,0m0.002s
1226,1024,0m0.032s,0m0.002s,0m0.000s
1227,1024,0m0.027s,0m0.002s,0m0.000s
1228,1024,0m0.030s,0m0.001s,0m0.002s
1229,1024,0m0.026s,0m0.000s,0m0.001s
1230,1024,0m0.026s,0m0.000s,0m0.002s
1231,1024,0m0.127s,0m0.000s,0m0.002s
1232,1024,0m0.031s,0m0.000s,0m0.002s
1233,1024,0m0.028s,0m0.000s,0m0.002s
1234,1024,0m0.029s,0m0.000s,0m0.002s
1235,1024,0m0.032s,0m0.001s,0m0.002s
1236,1024,0m0.027s,0m0.000s,0m0.002s
1237,1024,0m0.032s,0m0.000s,0m0.002s
1238,1024,0m0.028s,0m0.000s,0m0.002s
1239,1024,0m0.027s,0m0.000s,0m0.002s
1240,1024,0m0.028s,0m0.000s,0m0.002s
1241,1024,0m0.027s,0m0.002s,0m0.000s
1242,1024,0m0.027s,0m0.002s,0m0.000s
1243,1024,0m0.027s,0m0.000s,0m0.001s
1244,1024,0m0.028s,0m0.002s,0m0.000s
1245,1024,0m0.027s,0m0.002s,0m0.000s
1246,1024,0m0.027s,0m0.002s,0m0.000s
1247,1024,0m0.026s,0m0.001s,0m0.001s
1248,1024,0m0.026s,0m0.000s,0m0.002s
1249,1024,0m0.030s,0m0.000s,0m0.002s
1250,1024,0m0.027s,0m0.000s,0m0.002s
1251,1024,0m0.026s,0m0.000s,0m0.002s
1252,1024,0m0.027s,0m0.000s,0m0.002s
1253,1024,0m0.023s,0m0.000s,0m0.001s
1254,1024,0m0.020s,0m0.000s,0m0.001s
1255,1024,0m0.021s,0m0.000s,0m0.001s
1256,1024,0m0.021s,0m0.000s,0m0.001s
1257,1024,0m0.026s,0m0.000s,0m0.001s
1258,1024,0m0.021s,0m0.000s,0m0.001s
1259,1024,0m0.022s,0m0.000s,0m0.001s
1260,1024,0m0.026s,0m0.000s,0m0.002s
1261,1024,0m0.020s,0m0.000s,0m0.001s
1262,1024,0m0.024s,0m0.000s,0m0.001s
1263,1024,0m0.020s,0m0.000s,0m0.001s
1264,1024,0m0.021s,0m0.000s,0m0.001s
1265,1024,0m0.021s,0m0.001s,0m0.000s
1266,1024,0m0.021s,0m0.001s,0m0.000s
1267,1024,0m0.027s,0m0.000s,0m0.002s
1268,1024,0m0.022s,0m0.000s,0m0.001s
1269,1024,0m0.026s,0m0.000s,0m0.002s
1270,1024,0m0.027s,0m0.000s,0m0.002s
1271,1024,0m0.029s,0m0.000s,0m0.002s
1272,1024,0m0.025s,0m0.000s,0m0.001s
1273,1024,0m0.032s,0m0.001s,0m0.002s
1274,1024,0m0.027s,0m0.000s,0m0.001s
1275,1024,0m0.029s,0m0.000s,0m0.002s
1276,1024,0m0.027s,0m0.000s,0m0.001s
1277,1024,0m0.027s,0m0.000s,0m0.002s
1278,1024,0m0.026s,0m0.000s,0m0.001s
1279,1024,0m0.026s,0m0.000s,0m0.001s
1280,1024,0m0.032s,0m0.001s,0m0.002s
1281,1024,0m0.041s,0m0.001s,0m0.003s
1282,1024,0m0.033s,0m0.000s,0m0.002s
1283,1024,0m0.034s,0m0.000s,0m0.002s
1284,1024,0m0.028s,0m0.000s,0m0.002s
1285,1024,0m0.030s,0m0.001s,0m0.002s
1286,1024,0m0.027s,0m0.000s,0m0.002s
1287,1024,0m0.029s,0m0.000s,0m0.002s
1288,1024,0m0.029s,0m0.000s,0m0.002s
1289,1024,0m0.028s,0m0.000s,0m0.002s
1290,1024,0m0.030s,0m0.000s,0m0.002s
1291,1024,0m0.030s,0m0.000s,0m0.002s
1292,1024,0m0.026s,0m0.000s,0m0.002s
1293,1024,0m0.027s,0m0.002s,0m0.000s
1294,1024,0m0.028s,0m0.002s,0m0.000s
1295,1024,0m0.027s,0m0.000s,0m0.001s
1296,1024,0m0.028s,0m0.000s,0m0.002s
1297,1024,0m0.025s,0m0.000s,0m0.002s
1298,1024,0m0.027s,0m0.000s,0m0.002s
1299,1024,0m0.025s,0m0.000s,0m0.002s
1300,1024,0m0.028s,0m0.000s,0m0.001s
1301,1024,0m0.027s,0m0.000s,0m0.002s
1302,1024,0m0.025s,0m0.000s,0m0.002s
1303,1024,0m0.026s,0m0.000s,0m0.002s
1304,1024,0m0.026s,0m0.000s,0m0.002s
1305,1024,0m0.029s,0m0.000s,0m0.002s
1306,1024,0m0.025s,0m0.000s,0m0.002s
1307,1024,0m0.026s,0m0.000s,0m0.002s
1308,1024,0m0.025s,0m0.000s,0m0.002s
1309,1024,0m0.026s,0m0.000s,0m0.002s
1310,1024,0m0.028s,0m0.000s,0m0.002s
1311,1024,0m0.025s,0m0.000s,0m0.002s
1312,1024,0m0.027s,0m0.000s,0m0.002s
1313,1024,0m0.030s,0m0.002s,0m0.000s
1314,1024,0m0.027s,0m0.002s,0m0.000s
1315,1024,0m0.029s,0m0.001s,0m0.001s
1316,1024,0m0.030s,0m0.000s,0m0.002s
1317,1024,0m0.032s,0m0.000s,0m0.002s
1318,1024,0m0.029s,0m0.000s,0m0.002s
1319,1024,0m0.031s,0m0.000s,0m0.002s
1320,1024,0m0.034s,0m0.000s,0m0.002s
1321,1024,0m0.028s,0m0.000s,0m0.002s
1322,1024,0m0.028s,0m0.000s,0m0.002s
1323,1024,0m0.030s,0m0.001s,0m0.002s
1324,1024,0m0.031s,0m0.000s,0m0.002s
1325,1024,0m0.032s,0m0.000s,0m0.002s
1326,1024,0m0.031s,0m0.000s,0m0.002s
1327,1024,0m0.036s,0m0.001s,0m0.002s
1328,1024,0m0.030s,0m0.000s,0m0.002s
1329,1024,0m0.030s,0m0.000s,0m0.002s
1330,1024,0m0.030s,0m0.000s,0m0.002s
1331,1024,0m0.029s,0m0.000s,0m0.002s
1332,1024,0m0.029s,0m0.001s,0m0.002s
1333,1024,0m0.034s,0m0.001s,0m0.002s
1334,1024,0m0.028s,0m0.001s,0m0.002s
1335,1024,0m0.027s,0m0.000s,0m0.002s
1336,1024,0m0.028s,0m0.000s,0m0.002s
1337,1024,0m0.028s,0m0.000s,0m0.002s
1338,1024,0m0.026s,0m0.000s,0m0.001s
1339,1024,0m0.026s,0m0.000s,0m0.002s
1340,1024,0m0.030s,0m0.000s,0m0.002s
1341,1024,0m0.027s,0m0.000s,0m0.002s
1342,1024,0m0.027s,0m0.000s,0m0.002s
1343,1024,0m0.026s,0m0.000s,0m0.002s
1344,1024,0m0.028s,0m0.000s,0m0.002s
1345,1024,0m0.026s,0m0.000s,0m0.002s
1346,1024,0m0.026s,0m0.000s,0m0.002s
1347,1024,0m0.025s,0m0.000s,0m0.002s
1348,1024,0m0.025s,0m0.000s,0m0.002s
1349,1024,0m0.028s,0m0.000s,0m0.002s
1350,1024,0m0.026s,0m0.000s,0m0.002s
1351,1024,0m0.026s,0m0.000s,0m0.002s
1352,1024,0m0.025s,0m0.000s,0m0.002s
1353,1024,0m0.032s,0m0.000s,0m0.002s
1354,1024,0m0.027s,0m0.000s,0m0.002s
1355,1024,0m0.026s,0m0.000s,0m0.002s
1356,1024,0m0.026s,0m0.000s,0m0.002s
1357,1024,0m0.031s,0m0.001s,0m0.001s
1358,1024,0m0.027s,0m0.000s,0m0.001s
1359,1024,0m0.025s,0m0.000s,0m0.001s
1360,1024,0m0.025s,0m0.000s,0m0.001s
1361,1024,0m0.031s,0m0.000s,0m0.002s
1362,1024,0m0.025s,0m0.000s,0m0.002s
1363,1024,0m0.026s,0m0.000s,0m0.002s
1364,1024,0m0.025s,0m0.000s,0m0.001s
1365,1024,0m0.031s,0m0.000s,0m0.002s
1366,1024,0m0.027s,0m0.000s,0m0.002s
1367,1024,0m0.026s,0m0.000s,0m0.002s
1368,1024,0m0.026s,0m0.000s,0m0.002s
1369,1024,0m0.031s,0m0.000s,0m0.002s
1370,1024,0m0.026s,0m0.000s,0m0.002s
1371,1024,0m0.025s,0m0.000s,0m0.001s
1372,1024,0m0.026s,0m0.000s,0m0.002s
1373,1024,0m0.027s,0m0.002s,0m0.000s
1374,1024,0m0.029s,0m0.002s,0m0.000s
1375,1024,0m0.025s,0m0.002s,0m0.000s
1376,1024,0m0.025s,0m0.002s,0m0.000s
1377,1024,0m0.027s,0m0.002s,0m0.000s
1378,1024,0m0.028s,0m0.002s,0m0.000s
1379,1024,0m0.025s,0m0.000s,0m0.001s
1380,1024,0m0.025s,0m0.000s,0m0.002s
1381,1024,0m0.026s,0m0.000s,0m0.002s
1382,1024,0m0.028s,0m0.000s,0m0.002s
1383,1024,0m0.026s,0m0.000s,0m0.002s
1384,1024,0m0.025s,0m0.000s,0m0.002s
1385,1024,0m0.028s,0m0.002s,0m0.000s
1386,1024,0m0.027s,0m0.001s,0m0.001s
1387,1024,0m0.027s,0m0.002s,0m0.000s
1388,1024,0m0.025s,0m0.002s,0m0.000s
1389,1024,0m0.028s,0m0.002s,0m0.000s
1390,1024,0m0.033s,0m0.001s,0m0.002s
1391,1024,0m0.027s,0m0.000s,0m0.001s
1392,1024,0m0.026s,0m0.000s,0m0.001s
1393,1024,0m0.028s,0m0.002s,0m0.000s
1394,1024,0m0.027s,0m0.002s,0m0.000s
1395,1024,0m0.027s,0m0.002s,0m0.000s
1396,1024,0m0.025s,0m0.000s,0m0.001s
1397,1024,0m0.027s,0m0.000s,0m0.002s
1398,1024,0m0.025s,0m0.002s,0m0.000s
1399,1024,0m0.024s,0m0.002s,0m0.000s
1400,1024,0m0.029s,0m0.002s,0m0.000s
1401,1024,0m0.027s,0m0.000s,0m0.002s
1402,1024,0m0.026s,0m0.000s,0m0.002s
1403,1024,0m0.026s,0m0.002s,0m0.000s
1404,1024,0m0.027s,0m0.002s,0m0.000s
1405,1024,0m0.027s,0m0.000s,0m0.001s
1406,1024,0m0.033s,0m0.001s,0m0.002s
1407,1024,0m0.031s,0m0.000s,0m0.002s
1408,1024,0m0.028s,0m0.001s,0m0.002s
1409,1024,0m0.028s,0m0.000s,0m0.001s
1410,1024,0m0.029s,0m0.001s,0m0.002s
1411,1024,0m0.026s,0m0.002s,0m0.000s
1412,1024,0m0.028s,0m0.002s,0m0.000s
1413,1024,0m0.026s,0m0.000s,0m0.001s
1414,1024,0m0.031s,0m0.002s,0m0.000s
1415,1024,0m0.027s,0m0.002s,0m0.000s
1416,1024,0m0.028s,0m0.002s,0m0.000s
1417,1024,0m0.027s,0m0.000s,0m0.002s
1418,1024,0m0.032s,0m0.000s,0m0.002s
1419,1024,0m0.026s,0m0.000s,0m0.001s
1420,1024,0m0.029s,0m0.000s,0m0.002s
1421,1024,0m0.026s,0m0.000s,0m0.001s
1422,1024,0m0.027s,0m0.000s,0m0.001s
1423,1024,0m0.028s,0m0.000s,0m0.002s
1424,1024,0m0.026s,0m0.000s,0m0.002s
1425,1024,0m0.026s,0m0.000s,0m0.002s
1426,1024,0m0.028s,0m0.000s,0m0.002s
1427,1024,0m0.028s,0m0.000s,0m0.002s
1428,1024,0m0.031s,0m0.000s,0m0.002s
1429,1024,0m0.026s,0m0.000s,0m0.001s
1430,1024,0m0.025s,0m0.000s,0m0.001s
1431,1024,0m0.026s,0m0.000s,0m0.002s
1432,1024,0m0.028s,0m0.000s,0m0.002s
1433,1024,0m0.026s,0m0.000s,0m0.002s
1434,1024,0m0.025s,0m0.000s,0m0.001s
1435,1024,0m0.025s,0m0.000s,0m0.002s
1436,1024,0m0.027s,0m0.000s,0m0.002s
1437,1024,0m0.026s,0m0.000s,0m0.002s
1438,1024,0m0.025s,0m0.000s,0m0.002s
1439,1024,0m0.026s,0m0.002s,0m0.000s
1440,1024,0m0.028s,0m0.002s,0m0.000s
1441,1024,0m0.027s,0m0.002s,0m0.000s
1442,1024,0m0.026s,0m0.000s,0m0.001s
1443,1024,0m0.026s,0m0.000s,0m0.001s
1444,1024,0m0.034s,0m0.002s,0m0.000s
1445,1024,0m0.032s,0m0.002s,0m0.000s
1446,1024,0m0.033s,0m0.001s,0m0.002s
1447,1024,0m0.034s,0m0.001s,0m0.002s
1448,1024,0m0.041s,0m0.000s,0m0.002s
1449,1024,0m0.029s,0m0.000s,0m0.002s
1450,1024,0m0.030s,0m0.000s,0m0.002s
1451,1024,0m0.029s,0m0.000s,0m0.002s
1452,1024,0m0.027s,0m0.002s,0m0.000s
1453,1024,0m0.029s,0m0.001s,0m0.001s
1454,1024,0m0.027s,0m0.000s,0m0.001s
1455,1024,0m0.033s,0m0.001s,0m0.002s
1456,1024,0m0.032s,0m0.001s,0m0.002s
1457,1024,0m0.032s,0m0.001s,0m0.002s
1458,1024,0m0.028s,0m0.000s,0m0.002s
1459,1024,0m0.030s,0m0.001s,0m0.002s
1460,1024,0m0.027s,0m0.000s,0m0.001s
1461,1024,0m0.027s,0m0.001s,0m0.002s
1462,1024,0m0.027s,0m0.000s,0m0.002s
1463,1024,0m0.029s,0m0.000s,0m0.002s
1464,1024,0m0.026s,0m0.002s,0m0.000s
1465,1024,0m0.026s,0m0.002s,0m0.000s
1466,1024,0m0.026s,0m0.002s,0m0.000s
1467,1024,0m0.027s,0m0.000s,0m0.002s
1468,1024,0m0.026s,0m0.000s,0m0.002s
1469,1024,0m0.029s,0m0.000s,0m0.002s
1470,1024,0m0.027s,0m0.000s,0m0.001s
1471,1024,0m0.026s,0m0.000s,0m0.001s
1472,1024,0m0.026s,0m0.000s,0m0.002s
1473,1024,0m0.026s,0m0.000s,0m0.002s
1474,1024,0m0.030s,0m0.000s,0m0.002s
1475,1024,0m0.030s,0m0.000s,0m0.002s
1476,1024,0m0.026s,0m0.000s,0m0.002s
1477,1024,0m0.027s,0m0.000s,0m0.002s
1478,1024,0m0.027s,0m0.000s,0m0.001s
1479,1024,0m0.031s,0m0.000s,0m0.001s
1480,1024,0m0.037s,0m0.000s,0m0.002s
1481,1024,0m0.026s,0m0.000s,0m0.001s
1482,1024,0m0.028s,0m0.000s,0m0.002s
1483,1024,0m0.027s,0m0.000s,0m0.002s
1484,1024,0m0.029s,0m0.000s,0m0.002s
1485,1024,0m0.027s,0m0.000s,0m0.001s
1486,1024,0m0.028s,0m0.001s,0m0.002s
1487,1024,0m0.025s,0m0.000s,0m0.001s
1488,1024,0m0.026s,0m0.000s,0m0.001s
1489,1024,0m0.027s,0m0.001s,0m0.001s
1490,1024,0m0.026s,0m0.000s,0m0.001s
1491,1024,0m0.028s,0m0.000s,0m0.001s
1492,1024,0m0.026s,0m0.002s,0m0.000s
1493,1024,0m0.028s,0m0.002s,0m0.000s
1494,1024,0m0.029s,0m0.002s,0m0.001s
1495,1024,0m0.025s,0m0.000s,0m0.001s
1496,1024,0m0.027s,0m0.002s,0m0.000s
1497,1024,0m0.025s,0m0.002s,0m0.000s
1498,1024,0m0.026s,0m0.001s,0m0.001s
1499,1024,0m0.030s,0m0.002s,0m0.000s
1500,1024,0m0.027s,0m0.002s,0m0.000s
